,Time,Diet,New_Diet,Tank_number,Sample_Type,Sample_Number,ID,BW,Length,Sex,Gut_struc,Gut_light,Anus_bleed,Gut_bleed,Fat_Score,Heart_Sco,softliver,patchy_liver,Liver_Sco,HSI,CSI,ID_New,common
T1_CTR_tk1_01,T1,CTR,CTR,tk1,Hind_Gut,1,T1_CTR_tk1_1,85.8,19,0,0,1,0,0,3,0,0,0,3,1.282051282,NA,T1_CTR_tk1_01,T1_CTR_tk1_01
T1_CTR_tk1_03,T1,CTR,CTR,tk1,Hind_Gut,3,T1_CTR_tk1_3,83.51,18.4,1,1,1,NA,0,2,0,0,0,3,1.508801341,0.126930906,T1_CTR_tk1_03,T1_CTR_tk1_03
T2_CTR_tk1_01,T2,CTR,CTR,tk1,Hind_Gut,1,T2_CTR_tk1_1,152,23.7,1,0,1,NA,0,3.5,0,0,0,4,NA,0.130263158,T2_CTR_tk1_01,T2_CTR_tk1_01
T3_CTR_tk2_01,T3,CTR,CTR,tk2,Hind_Gut,1,T3_CTR_tk2_1,300,28.2,0,0,1,1,0,2,0,0,0,2,1.433333333,0.148,T3_CTR_tk2_01,T3_CTR_tk2_01
T1_CTR_tk1_05,T1,CTR,CTR,tk1,Hind_Gut,5,T1_CTR_tk1_5,82.42,18,1,0,1,NA,0,2,0,0,0,2,1.455957292,NA,T1_CTR_tk1_05,T1_CTR_tk1_05
T1_CTR_tk1_07,T1,CTR,CTR,tk1,Hind_Gut,7,T1_CTR_tk1_7,95.39,19.3,0,0,1,NA,0,2,0,0,0,2,1.467659084,0.12055771,T1_CTR_tk1_07,T1_CTR_tk1_07
T3_CTR_tk3_01,T3,CTR,CTR,tk3,Hind_Gut,1,T3_CTR_tk3_1,190,24.9,0,0,1,NA,0,1,0,0,0,1,1.684210526,0.164736842,T3_CTR_tk3_01,T3_CTR_tk3_01
T3_CTR_tk1_01,T3,CTR,CTR,tk1,Hind_Gut,1,T3_CTR_tk1_1,156,23.6,0,0,1,0,0,1.5,0.5,0,0,2,1.666666667,0.202564103,T3_CTR_tk1_01,T3_CTR_tk1_01
T3_CTR_tk1_03,T3,CTR,CTR,tk1,Hind_Gut,3,T3_CTR_tk1_3,236,27,1,0,1,0,0,NA,0.5,1,0,1.5,1.652542373,0.144491525,T3_CTR_tk1_03,T3_CTR_tk1_03
T3_CTR_tk3_03,T3,CTR,CTR,tk3,Hind_Gut,3,T3_CTR_tk3_3,281,27.8,1,0,1,NA,0,1,0,1,1,2,1.423487544,0.088967972,T3_CTR_tk3_03,T3_CTR_tk3_03
T2_CTR_tk2_03,T2,CTR,CTR,tk2,Hind_Gut,3,T2_CTR_tk2_3,119.4,21,1,0,1,NA,0,2.5,0,1,0,3,0.862646566,0.154941374,T2_CTR_tk2_03,T2_CTR_tk2_03
T3_CTR_tk2_03,T3,CTR,CTR,tk2,Hind_Gut,3,T3_CTR_tk2_3,238,26.4,1,0,1,1,0,2,0,1,0,1,1.722689076,0.147478992,T3_CTR_tk2_03,T3_CTR_tk2_03
T3_CTR_tk2_05,T3,CTR,CTR,tk2,Hind_Gut,5,T3_CTR_tk2_5,128,22.6,1,0,1,0,0,2,0.5,1,0,1,1.484375,0.1875,T3_CTR_tk2_05,T3_CTR_tk2_05
T3_CTR_tk2_07,T3,CTR,CTR,tk2,Hind_Gut,7,T3_CTR_tk2_7,168,23.2,0,0,1,0,0,2,0,0,0,2,1.428571429,0.163690476,T3_CTR_tk2_07,T3_CTR_tk2_07
T2_CTR_tk2_07,T2,CTR,CTR,tk2,Hind_Gut,7,T2_CTR_tk2_7,153.7,23.8,1,0,1,NA,0,3,0,0,0,3.5,NA,0.150943396,T2_CTR_tk2_07,T2_CTR_tk2_07
T1_MC1_tk2_01,T1,CTR,MC1,tk2,Hind_Gut,1,T1_CTR_tk2_1,94.44,18.7,1,0,1,NA,0,2.5,0,0,0,3,1.260059297,0.094239729,T1_MC1_tk2_01,T1_CTR_tk2_01
T2_CTR_tk3_03,T2,CTR,CTR,tk3,Hind_Gut,3,T2_CTR_tk3_3,117.2,22.2,0,0,1,1,0,2.5,0,0,0,3.5,0.776450512,NA,T2_CTR_tk3_03,T2_CTR_tk3_03
T2_CTR_tk1_05,T2,CTR,CTR,tk1,Hind_Gut,5,T2_CTR_tk1_5,92,20,1,0,1,NA,0,3.5,0,0,0,3.5,0.847826087,0.177173913,T2_CTR_tk1_05,T2_CTR_tk1_05
T3_CTR_tk1_05,T3,CTR,CTR,tk1,Hind_Gut,5,T3_CTR_tk1_5,111,20,NA,0,1,0,0,1,0.5,1,0,1,1.288288288,0.226126126,T3_CTR_tk1_05,T3_CTR_tk1_05
T1_MC1_tk2_03,T1,CTR,MC1,tk2,Hind_Gut,3,T1_CTR_tk2_3,74.71,17.8,0,0,1,NA,0,3,0.5,0,0,3,1.258198367,0.119127292,T1_MC1_tk2_03,T1_CTR_tk2_03
T1_MC1_tk2_05,T1,CTR,MC1,tk2,Hind_Gut,5,T1_CTR_tk2_5,83.2,18.2,0,0,1,NA,0,3,0.5,0,0,3,1.430288462,0.146634615,T1_MC1_tk2_05,T1_CTR_tk2_05
T1_MC1_tk2_07,T1,CTR,MC1,tk2,Hind_Gut,7,T1_CTR_tk2_7,83,18.2,0,0,1,1,0,3,0,0,0,3,1.048192771,0.126506024,T1_MC1_tk2_07,T1_CTR_tk2_07
T1_CTR_tk2_01,T1,MC1,CTR,tk2,Hind_Gut,1,T1_MC1_tk2_1,71.73,17.5,0,0,1,NA,0,2.5,0,0,0,3,1.645057856,0.11431758,T1_CTR_tk2_01,T1_MC1_tk2_01
T1_CTR_tk2_03,T1,MC1,CTR,tk2,Hind_Gut,3,T1_MC1_tk2_3,93.62,19,0,0,1,NA,0,3.5,0,0,0,4,1.228370006,0.114291818,T1_CTR_tk2_03,T1_MC1_tk2_03
T2_CTR_tk3_05,T2,CTR,CTR,tk3,Hind_Gut,5,T2_CTR_tk3_5,153,24.2,0,1,1,0,0,3,0,0,0,3.5,0.862745098,0.171895425,T2_CTR_tk3_05,T2_CTR_tk3_05
T3_CTR_tk3_05,T3,CTR,CTR,tk3,Hind_Gut,5,T3_CTR_tk3_5,144,22.2,NA,0,1,NA,0,1,0,1,1,1.5,1.458333333,0.213888889,T3_CTR_tk3_05,T3_CTR_tk3_05
T1_CTR_tk2_05,T1,MC1,CTR,tk2,Hind_Gut,5,T1_MC1_tk2_5,90.52,18.5,1,0,1,NA,0,3,0,0,0,4,1.204153778,0.13146266,T1_CTR_tk2_05,T1_MC1_tk2_05
T3_CTR_tk3_07,T3,CTR,CTR,tk3,Hind_Gut,7,T3_CTR_tk3_7,261,26.8,1,0,1,NA,0,1.5,0,0,0,2,1.609195402,0.189655172,T3_CTR_tk3_07,T3_CTR_tk3_07
T1_CTR_tk2_07,T1,MC1,CTR,tk2,Hind_Gut,7,T1_MC1_tk2_7,78.08,17.5,NA,0,1,0,0,3,0,0,0,3,1.485655738,0.126793033,T1_CTR_tk2_07,T1_MC1_tk2_07
T2_CTR_tk3_07,T2,CTR,CTR,tk3,Hind_Gut,7,T2_CTR_tk3_7,151.8,24,0,0,1,1,0,2,0,0,0,3,0.876152833,0.162055336,T2_CTR_tk3_07,T2_CTR_tk3_07
T3_CTR_tk1_07,T3,CTR,CTR,tk1,Hind_Gut,7,T3_CTR_tk1_7,217,25.5,0,0,1,0,0,2,1.5,0,0,2,1.612903226,0.198617512,T3_CTR_tk1_07,T3_CTR_tk1_07
T2_CTR_tk2_05,T2,CTR,CTR,tk2,Hind_Gut,5,T2_CTR_tk2_5,96.5,20.4,0,0,1,NA,1,3,0,0,0,4,0.735751295,0.152331606,T2_CTR_tk2_05,T2_CTR_tk2_05
T2_CTR_tk2_01,T2,CTR,CTR,tk2,Hind_Gut,1,T2_CTR_tk2_1,84.8,19.4,0,NA,NA,NA,NA,2,0,0,0,2,0.919811321,NA,T2_CTR_tk2_01,T2_CTR_tk2_01
T1_MN3_tk2_01,T1,MC2,MN3,tk2,Hind_Gut,1,T1_MC2_tk2_1,64.3,16.8,1,0,1,NA,0,3.5,0,0,0,3,1.33748056,0.094867807,T1_MN3_tk2_01,T1_MC2_tk2_01
T1_MN3_tk2_05,T1,MC2,MN3,tk2,Hind_Gut,5,T1_MC2_tk2_5,78.62,17.6,1,0,1,NA,0,3,0.5,0,0,2.5,1.335538031,0.105571102,T1_MN3_tk2_05,T1_MC2_tk2_05
T1_MC1_tk1_01,T1,MC1,MC1,tk1,Hind_Gut,1,T1_MC1_tk1_1,74.7,17.8,1,1,1,NA,0,3,0,0,0,3,1.526104418,0.136546185,T1_MC1_tk1_01,T1_MC1_tk1_01
T1_MC1_tk1_03,T1,MC1,MC1,tk1,Hind_Gut,3,T1_MC1_tk1_3,75.53,18.2,1,0,1,0,0,3,0,0,0,3.5,1.45637495,0.08605852,T1_MC1_tk1_03,T1_MC1_tk1_03
T1_MC1_tk1_05,T1,MC1,MC1,tk1,Hind_Gut,5,T1_MC1_tk1_5,81.63,18.5,1,0,1,NA,0,2,0,0,0,4,1.617052554,0.113928703,T1_MC1_tk1_05,T1_MC1_tk1_05
T1_MC1_tk1_07,T1,MC1,MC1,tk1,Hind_Gut,7,T1_MC1_tk1_7,80.5,17.8,1,0,1,NA,0,2,0,0,0,3,1.652173913,NA,T1_MC1_tk1_07,T1_MC1_tk1_07
T1_MN3_tk2_07,T1,MC2,MN3,tk2,Hind_Gut,7,T1_MC2_tk2_7,129.99,20.9,0,0,1,NA,0,2,0.5,0,0,3,1.223171013,0.114624202,T1_MN3_tk2_07,T1_MC2_tk2_07
T1_MN3_tk2_03,T1,MC2,MN3,tk2,Hind_Gut,3,T1_MC2_tk2_3,130.8,21.2,1,0,1,0,1,2.5,0,0,0,4,1.345565749,0.148318043,T1_MN3_tk2_03,T1_MC2_tk2_03
T1_MC2_tk2_07,T1,MN3,MC2,tk2,Hind_Gut,7,T1_MN3_tk2_7,91.34,19,1,0,1,0,0,2.5,0,0,0,2.5,NA,0.12809284,T1_MC2_tk2_07,T1_MN3_tk2_07
T1_MC2_tk2_01,T1,MN3,MC2,tk2,Hind_Gut,1,T1_MN3_tk2_1,112.14,20.4,1,0,1,NA,0,3.5,0.5,0,0,3.5,1.301943999,0.158730159,T1_MC2_tk2_01,T1_MN3_tk2_01
T2_MC1_tk3_01,T2,MC1,MC1,tk3,Hind_Gut,1,T2_MC1_tk3_1,97.05,20.6,0,0,1,0,0,2,0,1,0,3,0.752189593,0.132921175,T2_MC1_tk3_01,T2_MC1_tk3_01
T2_MC1_tk1_01,T2,MC1,MC1,tk1,Hind_Gut,1,T2_MC1_tk1_1,111.7,21.3,0,0,1,NA,0,2,0.5,0,0,3,0.78782453,0.155774396,T2_MC1_tk1_01,T2_MC1_tk1_01
T2_MC1_tk3_03,T2,MC1,MC1,tk3,Hind_Gut,3,T2_MC1_tk3_3,102.4,21.2,1,1,1,1,0,2.5,0.5,0,0,3,0.751953125,0.155273438,T2_MC1_tk3_03,T2_MC1_tk3_03
T2_MC1_tk1_03,T2,MC1,MC1,tk1,Hind_Gut,3,T2_MC1_tk1_3,130,22,1,0,1,1,0,2,0,0,0,3,0.953846154,0.167692308,T2_MC1_tk1_03,T2_MC1_tk1_03
T1_MC2_tk2_03,T1,MN3,MC2,tk2,Hind_Gut,3,T1_MN3_tk2_3,61.21,16.5,1,1,1,NA,0,3,0,0,0,3,1.339650384,0.166639438,T1_MC2_tk2_03,T1_MN3_tk2_03
T2_MC1_tk1_05,T2,MC1,MC1,tk1,Hind_Gut,5,T2_MC1_tk1_5,123.7,22,0,0,1,NA,0,3,0,0,0,2.5,0.695230396,0.154405821,T2_MC1_tk1_05,T2_MC1_tk1_05
T2_MC1_tk3_07,T2,MC1,MC1,tk3,Hind_Gut,7,T2_MC1_tk3_7,170,24.3,1,0,1,1,0,1.5,0.5,0,0,3,0.929411765,0.198235294,T2_MC1_tk3_07,T2_MC1_tk3_07
T2_MC1_tk1_07,T2,MC1,MC1,tk1,Hind_Gut,7,T2_MC1_tk1_7,126.9,22.5,1,0,1,0,0,2,0,0,0,3.5,0.874704492,0.151300236,T2_MC1_tk1_07,T2_MC1_tk1_07
T1_MC2_tk2_05,T1,MN3,MC2,tk2,Hind_Gut,5,T1_MN3_tk2_5,77.45,18,1,0,1,NA,0,2.5,0,0,0,3.5,1.497740478,0.136862492,T1_MC2_tk2_05,T1_MN3_tk2_05
T2_MC1_tk2_03,T2,MC1,MC1,tk2,Hind_Gut,3,T2_MC1_tk2_3,106,21.8,1,0,1,NA,0,3.5,0,0,0,3.5,0.603773585,0.136792453,T2_MC1_tk2_03,T2_MC1_tk2_03
T3_MC1_tk1_01,T3,MC1,MC1,tk1,Hind_Gut,1,T3_MC1_tk1_1,174,25,0,0,1,NA,0,1.5,1,0,0,2,1.551724138,0.188505747,T3_MC1_tk1_01,T3_MC1_tk1_01
T3_MC1_tk3_01,T3,MC1,MC1,tk3,Hind_Gut,1,T3_MC1_tk3_1,151,23.8,1,0,1,NA,0,1.5,1.5,1,0,1,NA,0.186092715,T3_MC1_tk3_01,T3_MC1_tk3_01
T2_MC1_tk2_07,T2,MC1,MC1,tk2,Hind_Gut,7,T2_MC1_tk2_7,104.2,26,0,1,1,NA,0,3,0,0,0,3.5,0.681381958,0.166026871,T2_MC1_tk2_07,T2_MC1_tk2_07
T3_MC1_tk3_03,T3,MC1,MC1,tk3,Hind_Gut,3,T3_MC1_tk3_3,198,24.8,1,0,0,NA,0,2,0.5,1,1,1,1.161616162,0.161111111,T3_MC1_tk3_03,T3_MC1_tk3_03
T3_MC1_tk1_05,T3,MC1,MC1,tk1,Hind_Gut,5,T3_MC1_tk1_5,192,25.2,1,0,1,NA,0,2,0.5,1,0,2,1.614583333,0.173958333,T3_MC1_tk1_05,T3_MC1_tk1_05
T3_MC1_tk2_01,T3,MC1,MC1,tk2,Hind_Gut,1,T3_MC1_tk2_1,214,26,1,0,1,1,0,2,0,0,0,2,1.355140187,0.178971963,T3_MC1_tk2_01,T3_MC1_tk2_01
T3_MC1_tk3_05,T3,MC1,MC1,tk3,Hind_Gut,5,T3_MC1_tk3_5,240,27,0,0,1,1,0,2,0,0,0,2,1.291666667,0.1625,T3_MC1_tk3_05,T3_MC1_tk3_05
T3_MC1_tk3_07,T3,MC1,MC1,tk3,Hind_Gut,7,T3_MC1_tk3_7,216,26.2,0,0,1,0,0,2,0,0,0,2,1.203703704,0.172685185,T3_MC1_tk3_07,T3_MC1_tk3_07
T3_MC1_tk1_07,T3,MC1,MC1,tk1,Hind_Gut,7,T3_MC1_tk1_7,195,25.2,1,0,1,NA,0,2,0,0,0,1,1.333333333,0.141538462,T3_MC1_tk1_07,T3_MC1_tk1_07
T3_MC1_tk2_03,T3,MC1,MC1,tk2,Hind_Gut,3,T3_MC1_tk2_3,175,23,0,1,1,0,0,2,0.5,0,0,1,1.314285714,0.150857143,T3_MC1_tk2_03,T3_MC1_tk2_03
T2_MC2_tk3_01,T2,MC2,MC2,tk3,Hind_Gut,1,T2_MC2_tk3_1,111.7,20.8,1,0,1,NA,0,1.5,0,0,0,3,1.011638317,0.166517457,T2_MC2_tk3_01,T2_MC2_tk3_01
T3_MC2_tk1_01,T3,MC2,MC2,tk1,Hind_Gut,1,T3_MC2_tk1_1,221,24,1,0,1,0,0,1,0.5,0,0,1,1.384615385,0.185972851,T3_MC2_tk1_01,T3_MC2_tk1_01
T3_MC1_tk2_05,T3,MC1,MC1,tk2,Hind_Gut,5,T3_MC1_tk2_5,156,22.7,0,0,1,1,0,2,0,0,0,2,1.282051282,0.155128205,T3_MC1_tk2_05,T3_MC1_tk2_05
T2_MC2_tk1_03,T2,MC2,MC2,tk1,Hind_Gut,3,T2_MC2_tk1_3,110.02,21.7,1,0,1,NA,0,4,0,0,0,3,0.654426468,0.162697691,T2_MC2_tk1_03,T2_MC2_tk1_03
T3_MC2_tk1_03,T3,MC2,MC2,tk1,Hind_Gut,3,T3_MC2_tk1_3,205,25.7,NA,0,1,1,0,2,0.5,0,0,1,1.317073171,0.159512195,T3_MC2_tk1_03,T3_MC2_tk1_03
T2_MC1_tk2_01,T2,MC1,MC1,tk2,Hind_Gut,1,T2_MC1_tk2_1,107,21.3,0,0,1,NA,1,3,0,0,0,3,0.663551402,0.158878505,T2_MC1_tk2_01,T2_MC1_tk2_01
T3_MC2_tk3_03,T3,MC2,MC2,tk3,Hind_Gut,3,T3_MC2_tk3_3,180,24.2,1,0,1,NA,0,1.5,0,0,0,2,1.405555556,0.165555556,T3_MC2_tk3_03,T3_MC2_tk3_03
T1_MC2_tk1_01,T1,MC2,MC2,tk1,Hind_Gut,1,T1_MC2_tk1_1,99,19,0,0,1,0,0,2,0,0,0,3,1.505050505,0.106060606,T1_MC2_tk1_01,T1_MC2_tk1_01
T1_MC2_tk1_03,T1,MC2,MC2,tk1,Hind_Gut,3,T1_MC2_tk1_3,70.6,16.8,NA,0,1,NA,0,2,0,0,0,3,2.478753541,0.133144476,T1_MC2_tk1_03,T1_MC2_tk1_03
T1_MC2_tk1_05,T1,MC2,MC2,tk1,Hind_Gut,5,T1_MC2_tk1_5,92.5,19.2,0,0,1,NA,0,3,1,0,0,3,1.394594595,0.121081081,T1_MC2_tk1_05,T1_MC2_tk1_05
T1_MC2_tk1_07,T1,MC2,MC2,tk1,Hind_Gut,7,T1_MC2_tk1_7,76.64,17.7,1,0,1,NA,0,3,0,0,0,2.5,1.34394572,0.084812109,T1_MC2_tk1_07,T1_MC2_tk1_07
T2_MC2_tk3_03,T2,MC2,MC2,tk3,Hind_Gut,3,T2_MC2_tk3_3,129.5,22.3,1,0,1,NA,0,3,0,0,0,3.5,0.741312741,0.128957529,T2_MC2_tk3_03,T2_MC2_tk3_03
T2_MC1_tk2_05,T2,MC1,MC1,tk2,Hind_Gut,5,T2_MC1_tk2_5,78.4,19.3,1,0,1,NA,1,3,0,0,0,3.5,0.803571429,0.151785714,T2_MC1_tk2_05,T2_MC1_tk2_05
T3_MC2_tk2_01,T3,MC2,MC2,tk2,Hind_Gut,1,T3_MC2_tk2_1,152,23.2,1,1,1,1,0,2,0.5,1,0,2,1.25,0.148684211,T3_MC2_tk2_01,T3_MC2_tk2_01
T2_MC2_tk2_03,T2,MC2,MC2,tk2,Hind_Gut,3,T2_MC2_tk2_3,119.2,20.4,1,0,1,NA,0,1.5,0,0,0,3,0.91442953,0.093120805,T2_MC2_tk2_03,T2_MC2_tk2_03
T3_MC2_tk2_03,T3,MC2,MC2,tk2,Hind_Gut,3,T3_MC2_tk2_3,115,21.3,0,1,0,NA,0,2.5,0.5,0,0,1,1.217391304,0.239130435,T3_MC2_tk2_03,T3_MC2_tk2_03
T2_MC2_tk3_05,T2,MC2,MC2,tk3,Hind_Gut,5,T2_MC2_tk3_5,132,23.4,1,0,1,1,0,2,NA,1,0,2.5,0.856060606,NA,T2_MC2_tk3_05,T2_MC2_tk3_05
T3_MC2_tk3_05,T3,MC2,MC2,tk3,Hind_Gut,5,T3_MC2_tk3_5,153,23.6,0,1,1,NA,0,1,0,0,0,2,1.104575163,0.169281046,T3_MC2_tk3_05,T3_MC2_tk3_05
T2_MC2_tk2_05,T2,MC2,MC2,tk2,Hind_Gut,5,T2_MC2_tk2_5,90.4,19.6,0,1,1,NA,0,2,0,1,0,3.5,0.973451327,0.162610619,T2_MC2_tk2_05,T2_MC2_tk2_05
T2_MC2_tk1_05,T2,MC2,MC2,tk1,Hind_Gut,5,T2_MC2_tk1_5,98.3,20.4,1,0,1,0,0,3.5,0,0,0,3.5,0.600203459,0.136317396,T2_MC2_tk1_05,T2_MC2_tk1_05
T3_MC2_tk1_05,T3,MC2,MC2,tk1,Hind_Gut,5,T3_MC2_tk1_5,289,28.5,0,0,1,0,0,2,0,0,0,3,1.314878893,0.176470588,T3_MC2_tk1_05,T3_MC2_tk1_05
T3_MC2_tk2_07,T3,MC2,MC2,tk2,Hind_Gut,7,T3_MC2_tk2_7,226,26.5,0,0,1,1,0,2,0,1,1,2,1.548672566,0.159734513,T3_MC2_tk2_07,T3_MC2_tk2_07
T1_MN3_tk3_01,T1,CTR,MN3,tk3,Hind_Gut,1,T1_CTR_tk3_1,51.64,15.7,1,1,1,NA,0,3,0,0,0,2,3.292021689,0.098760651,T1_MN3_tk3_01,T1_CTR_tk3_01
T2_MC2_tk1_07,T2,MC2,MC2,tk1,Hind_Gut,7,T2_MC2_tk1_7,110.4,21.5,1,0,1,1,0,2,0.5,0,0,2.5,0.634057971,0.15942029,T2_MC2_tk1_07,T2_MC2_tk1_07
T1_MN3_tk3_03,T1,CTR,MN3,tk3,Hind_Gut,3,T1_CTR_tk3_3,48.68,15.3,1,0,1,NA,0,3,0,0,0,2,1.211996713,0.123253903,T1_MN3_tk3_03,T1_CTR_tk3_03
T1_MN3_tk3_05,T1,CTR,MN3,tk3,Hind_Gut,5,T1_CTR_tk3_5,99.98,19.4,0,0,1,0,0,2.5,0,0,0,3,1.350270054,0.128025605,T1_MN3_tk3_05,T1_CTR_tk3_05
T2_MC2_tk2_07,T2,MC2,MC2,tk2,Hind_Gut,7,T2_MC2_tk2_7,115.9,22.8,1,0,1,NA,0,3,0.5,1,0,3,0.759275237,0.163934426,T2_MC2_tk2_07,T2_MC2_tk2_07
T2_MC2_tk3_07,T2,MC2,MC2,tk3,Hind_Gut,7,T2_MC2_tk3_7,107.5,20.6,1,1,1,NA,0,1,0,0,0,3,0.893023256,0.162790698,T2_MC2_tk3_07,T2_MC2_tk3_07
T3_MC2_tk1_07,T3,MC2,MC2,tk1,Hind_Gut,7,T3_MC2_tk1_7,265,28.5,0,0,1,0,0,1.5,1,0,0,2.5,1.094339623,0.161886792,T3_MC2_tk1_07,T3_MC2_tk1_07
T3_MC2_tk3_07,T3,MC2,MC2,tk3,Hind_Gut,7,T3_MC2_tk3_7,225,26.4,0,0,1,NA,0,1,0,0,1,1,1.333333333,0.191555556,T3_MC2_tk3_07,T3_MC2_tk3_07
T1_MN3_tk3_07,T1,CTR,MN3,tk3,Hind_Gut,7,T1_CTR_tk3_7,60.78,17.5,0,0,1,NA,0,3,0,0,0,3,1.743994735,0.123395854,T1_MN3_tk3_07,T1_CTR_tk3_07
T3_MN3_tk1_01,T3,MN3,MN3,tk1,Hind_Gut,1,T3_MN3_tk1_1,262,27,0,0,1,0,0,2,0.5,0,0,3,1.335877863,0.170992366,T3_MN3_tk1_01,T3_MN3_tk1_01
T1_MC2_tk3_01,T1,MC1,MC2,tk3,Hind_Gut,1,T1_MC1_tk3_1,113.35,20.4,1,0,1,NA,0,3,0,0,0,3,1.323334804,0.120864579,T1_MC2_tk3_01,T1_MC1_tk3_01
T1_MC2_tk3_05,T1,MC1,MC2,tk3,Hind_Gut,5,T1_MC1_tk3_5,83.4,18.3,1,1,1,NA,0,2,0,0,0,3,1.474820144,0.113908873,T1_MC2_tk3_05,T1_MC1_tk3_05
T1_MC2_tk3_07,T1,MC1,MC2,tk3,Hind_Gut,7,T1_MC1_tk3_7,63.04,17,1,0,1,NA,0,2,0,0,0,4,1.697335025,0.12214467,T1_MC2_tk3_07,T1_MC1_tk3_07
T1_MC2_tk3_03,T1,MC1,MC2,tk3,Hind_Gut,3,T1_MC1_tk3_3,57.6,16.3,NA,1,1,NA,1,2.5,0,0,0,2.5,1.423611111,0.105902778,T1_MC2_tk3_03,T1_MC1_tk3_03
T2_MN3_tk3_01,T2,MN3,MN3,tk3,Hind_Gut,1,T2_MN3_tk3_1,192.9,25.3,1,0,1,0,0,2,0,0,0,3,0.798341109,0.118195956,T2_MN3_tk3_01,T2_MN3_tk3_01
T3_MN3_tk3_01,T3,MN3,MN3,tk3,Hind_Gut,1,T3_MN3_tk3_1,229,26.8,0,0,1,NA,0,1,0,1,1,1,2.008733624,0.158515284,T3_MN3_tk3_01,T3_MN3_tk3_01
T1_CTR_tk3_01,T1,MC2,CTR,tk3,Hind_Gut,1,T1_MC2_tk3_1,67.63,17.5,1,0,1,NA,0,2,0,0,0,3.5,1.242052344,0.109418897,T1_CTR_tk3_01,T1_MC2_tk3_01
T2_MN3_tk3_03,T2,MN3,MN3,tk3,Hind_Gut,3,T2_MN3_tk3_3,125.2,21.2,NA,0,1,1,0,2,0.5,1,0,3,0.71086262,0.131789137,T2_MN3_tk3_03,T2_MN3_tk3_03
T3_MN3_tk1_03,T3,MN3,MN3,tk1,Hind_Gut,3,T3_MN3_tk1_3,220,27.2,1,0,1,0,0,2,0.5,0,0,2,1.454545455,0.160909091,T3_MN3_tk1_03,T3_MN3_tk1_03
T1_CTR_tk3_03,T1,MC2,CTR,tk3,Hind_Gut,3,T1_MC2_tk3_3,79.16,17.8,0,0,1,NA,0,2.5,0,0,0,4,1.490651844,0.13011622,T1_CTR_tk3_03,T1_MC2_tk3_03
T2_MC2_tk2_01,T2,MC2,MC2,tk2,Hind_Gut,1,T2_MC2_tk2_1,121,22,0,0,1,NA,1,2,0,1,0,3.5,0.950413223,0.145454545,T2_MC2_tk2_01,T2_MC2_tk2_01
T3_MC2_tk2_05,T3,MC2,MC2,tk2,Hind_Gut,5,T3_MC2_tk2_5,131,23.6,0,1,1,1,1,1.5,0,1,0,2,1.755725191,0.206870229,T3_MC2_tk2_05,T3_MC2_tk2_05
T1_CTR_tk3_05,T1,MC2,CTR,tk3,Hind_Gut,5,T1_MC2_tk3_5,64.74,17,0,0,1,NA,0,2.5,0,0,0,3.5,1.359283287,0.126660488,T1_CTR_tk3_05,T1_MC2_tk3_05
T3_MN3_tk3_05,T3,MN3,MN3,tk3,Hind_Gut,5,T3_MN3_tk3_5,182,24,0,0,1,1,0,1.5,0.5,1,0,1,1.373626374,0.168681319,T3_MN3_tk3_05,T3_MN3_tk3_05
T1_CTR_tk3_07,T1,MC2,CTR,tk3,Hind_Gut,7,T1_MC2_tk3_7,92.04,18.8,1,0,1,NA,0,2,0.5,0,0,4,1.390699696,0.140156454,T1_CTR_tk3_07,T1_MC2_tk3_07
T1_MC1_tk3_01,T1,MN3,MC1,tk3,Hind_Gut,1,T1_MN3_tk3_1,60.8,16.7,1,0,1,NA,0,3,0,0,0,3,1.266447368,0.110197368,T1_MC1_tk3_01,T1_MN3_tk3_01
T2_MN3_tk3_05,T2,MN3,MN3,tk3,Hind_Gut,5,T2_MN3_tk3_5,123.6,22.2,1,0,1,0,0,3,0.5,1,0,3,0.631067961,0.114886731,T2_MN3_tk3_05,T2_MN3_tk3_05
T3_MN3_tk1_05,T3,MN3,MN3,tk1,Hind_Gut,5,T3_MN3_tk1_5,145,22.5,0,0,1,0,0,1,0,0,0,1,1.379310345,0.183448276,T3_MN3_tk1_05,T3_MN3_tk1_05
T1_MC1_tk3_03,T1,MN3,MC1,tk3,Hind_Gut,3,T1_MN3_tk3_3,67.97,17.2,1,1,1,0,0,2.5,0,0,0,3,1.397675445,0.108871561,T1_MC1_tk3_03,T1_MN3_tk3_03
T1_MN3_tk1_01,T1,MN3,MN3,tk1,Hind_Gut,1,T1_MN3_tk1_1,73.58,17.4,1,0,1,NA,0,3,0,0,0,3,1.359064963,0.116879587,T1_MN3_tk1_01,T1_MN3_tk1_01
T1_MN3_tk1_03,T1,MN3,MN3,tk1,Hind_Gut,3,T1_MN3_tk1_3,87.98,18.7,0,1,1,0,0,3,NA,0,0,3,1.500340987,NA,T1_MN3_tk1_03,T1_MN3_tk1_03
T1_MN3_tk1_05,T1,MN3,MN3,tk1,Hind_Gut,5,T1_MN3_tk1_5,91.09,18.9,0,0,1,NA,0,2.5,NA,0,0,3,1.394225491,NA,T1_MN3_tk1_05,T1_MN3_tk1_05
T3_MN3_tk1_07,T3,MN3,MN3,tk1,Hind_Gut,7,T3_MN3_tk1_7,167,23.6,1,0,1,1,0,1.5,0.5,0,1,2,1.25748503,0.177844311,T3_MN3_tk1_07,T3_MN3_tk1_07
T3_MN3_tk3_07,T3,MN3,MN3,tk3,Hind_Gut,7,T3_MN3_tk3_7,183,24.6,1,0,0,NA,0,1,0.5,1,0,1.5,1.693989071,0.161748634,T3_MN3_tk3_07,T3_MN3_tk3_07
T1_MN3_tk1_07,T1,MN3,MN3,tk1,Hind_Gut,7,T1_MN3_tk1_7,78.68,18.1,1,0,1,0,0,3,0,0,0,3,1.664972039,0.152516523,T1_MN3_tk1_07,T1_MN3_tk1_07
T2_MN3_tk1_07,T2,MN3,MN3,tk1,Hind_Gut,7,T2_MN3_tk1_7,118.5,22.1,1,1,0,1,0,3,0,0,0,4,0.818565401,0.143459916,T2_MN3_tk1_07,T2_MN3_tk1_07
T1_MC1_tk3_05,T1,MN3,MC1,tk3,Hind_Gut,5,T1_MN3_tk3_5,61.66,16.6,1,0,1,0,0,3,0,0,0,4,1.686668829,0.103795005,T1_MC1_tk3_05,T1_MN3_tk3_05
T3_MN3_tk2_01,T3,MN3,MN3,tk2,Hind_Gut,1,T3_MN3_tk2_1,188,25.3,1,0,0,0,0,2,0,0,0,2,1.382978723,0.163297872,T3_MN3_tk2_01,T3_MN3_tk2_01
T2_CTR_tk3_01,T2,CTR,CTR,tk3,Hind_Gut,1,T2_CTR_tk3_1,171.1,24.8,1,0,1,0,1,3,0,0,0,3,0.841613092,0.106954997,T2_CTR_tk3_01,T2_CTR_tk3_01
T2_CTR_tk1_03,T2,CTR,CTR,tk1,Hind_Gut,3,T2_CTR_tk1_3,73,18.2,0,1,1,NA,1,3,0,0,0,3.5,0.698630137,0.179452055,T2_CTR_tk1_03,T2_CTR_tk1_03
T2_MN3_tk2_01,T2,MN3,MN3,tk2,Hind_Gut,1,T2_MN3_tk2_1,110,20,0,0,1,NA,0,2,0.5,0,0,3,0.681818182,0.178181818,T2_MN3_tk2_01,T2_MN3_tk2_01
T2_CTR_tk1_07,T2,CTR,CTR,tk1,Hind_Gut,7,T2_CTR_tk1_7,72.6,18.3,0,0,1,NA,1,2,0,0,0,2.5,0.730027548,0.151515152,T2_CTR_tk1_07,T2_CTR_tk1_07
T2_MN3_tk2_03,T2,MN3,MN3,tk2,Hind_Gut,3,T2_MN3_tk2_3,109.7,19.8,1,0,1,NA,0,2,0,1,0,2,0.838650866,0.137648131,T2_MN3_tk2_03,T2_MN3_tk2_03
T3_MN3_tk2_03,T3,MN3,MN3,tk2,Hind_Gut,3,T3_MN3_tk2_3,245,26.9,0,0,1,1,0,1.5,0,1,0,1.5,1.183673469,0.16244898,T3_MN3_tk2_03,T3_MN3_tk2_03
T2_MC1_tk3_05,T2,MC1,MC1,tk3,Hind_Gut,5,T2_MC1_tk3_5,92.4,20.3,1,0,1,NA,1,2,0,1,0,3,0.865800866,0.182900433,T2_MC1_tk3_05,T2_MC1_tk3_05
T3_MC1_tk1_03,T3,MC1,MC1,tk1,Hind_Gut,3,T3_MC1_tk1_3,176,24.4,1,0,1,0,1,2,1,0,0,2,1.931818182,NA,T3_MC1_tk1_03,T3_MC1_tk1_03
T2_MN3_tk2_05,T2,MN3,MN3,tk2,Hind_Gut,5,T2_MN3_tk2_5,110.9,21.3,1,0,1,1,0,3,0,0,0,3,0.81154193,0.131650135,T2_MN3_tk2_05,T2_MN3_tk2_05
T3_MC2_tk3_01,T3,MC2,MC2,tk3,Hind_Gut,1,T3_MC2_tk3_1,202,25.3,1,0,1,NA,1,1,0,0,1,1,1.475247525,0.132178218,T3_MC2_tk3_01,T3_MC2_tk3_01
T3_MN3_tk2_05,T3,MN3,MN3,tk2,Hind_Gut,5,T3_MN3_tk2_5,168,23.8,1,0,1,0,0,2,0,1,0,1,1.339285714,0.167261905,T3_MN3_tk2_05,T3_MN3_tk2_05
T1_MC1_tk3_07,T1,MN3,MC1,tk3,Hind_Gut,7,T1_MN3_tk3_7,66.14,17,1,0,1,NA,0,2.5,0,0,0,3,1.587541578,0.133051104,T1_MC1_tk3_07,T1_MN3_tk3_07
T2_MN3_tk1_01,T2,MN3,MN3,tk1,Hind_Gut,1,T2_MN3_tk1_1,154,23.4,0,0,1,NA,1,3,0,0,0,3,0.785714286,0.137012987,T2_MN3_tk1_01,T2_MN3_tk1_01
T2_MN3_tk1_03,T2,MN3,MN3,tk1,Hind_Gut,3,T2_MN3_tk1_3,149,23.3,0,0,1,NA,1,3,0.5,0,0,4,0.805369128,0.123489933,T2_MN3_tk1_03,T2_MN3_tk1_03
T3_MN3_tk3_03,T3,MN3,MN3,tk3,Hind_Gut,3,T3_MN3_tk3_3,163,23.8,0,0,1,NA,1,1.5,0,0,1,2,1.595092025,0.147852761,T3_MN3_tk3_03,T3_MN3_tk3_03
T2_MN3_tk1_05,T2,MN3,MN3,tk1,Hind_Gut,5,T2_MN3_tk1_5,118,21.5,0,0,1,NA,1,3,0,0,0,4,0.677966102,0.124576271,T2_MN3_tk1_05,T2_MN3_tk1_05
T2_MN3_tk2_07,T2,MN3,MN3,tk2,Hind_Gut,7,T2_MN3_tk2_7,91.5,18.2,1,1,1,NA,0,2,0,1,0,2.5,0.732240437,0.205464481,T2_MN3_tk2_07,T2_MN3_tk2_07
T2_MN3_tk3_07,T2,MN3,MN3,tk3,Hind_Gut,7,T2_MN3_tk3_7,109.4,21.7,1,0,1,NA,1,3,0,0,0,3,0.50274223,0.145338208,T2_MN3_tk3_07,T2_MN3_tk3_07
T3_MN3_tk2_07,T3,MN3,MN3,tk2,Hind_Gut,7,T3_MN3_tk2_7,204,26,0,0,1,1,0,2,0.5,0,0,2,1.12745098,0.153921569,T3_MN3_tk2_07,T3_MN3_tk2_07